"IncNodePurity","feature"
1055098.3672056,"ridageyr"
1034328.47956476,"age"
220646.109294524,"cMGhat1"
208943.777988086,"MGhat"
181073.965882779,"cMGhat2"
105815.19524404,"regMGhat"
69403.4957392113,"dmdhrage"
51766.7437230195,"lbdsbusi"
47072.3484171595,"lbxsbu"
45966.0671339203,"MGhat_low"
36128.4446367243,"diuretic"
35614.0856726234,"MGhat_q4"
